Acterna,jennifer.praesel@acterna.com,,,
Addepar,margaret.bragg@addepar.com,cecily.black@addepar.com,sarah.mullins@addepar.com,
Adwerx,eweigel@adwerx.com,mdangelo@adwerx.com,jcarlson@adwerx.com,
AgBiome,mbiggs@agbiome.com,lsimmons@agbiome.com,,
Ahalogy,jeff@ahalogy.com,noah@ahalogy.com,,
AIG,robert.haibi@aig.com,mark.clowes@aig.com,,
AirTable,marc.duro@airtable.com,,,
Airware,darsenault@airware.com,vgurel@airware.com,tmook@airware.com,
Akamai,ngeifman@akamai.com,bkoster@akamai.com,skefalas@akamai.com,
Alera Group,emily.mills@aleragroup.com,michael.gluck@aleragroup.com,,
Allscripts,nancy.abel@allscripts.com,luke.mckechnie@allscripts.com,,
Ally,adam.mayer@ally.com,chris.rzeppa@ally.com,siliang.luo@ally.com,
Amadeus,sofiane.rouz@amadeus.com,currivan.alouidor@amadeus.com,,
Amazon,maricro@amazon.com,alliswen@amazon.com,wllawre@amazon.com,ixjon@amazon.com
American Express,marine.joubert@americanexpress.com,,,
American International Group,troy.dye@aig.com,,,
Anaconda,lvelatini@anaconda.com,,,
AppDynamics,michele.tse@appdynamics.com,lauren.miller@appdynamics.com,scott.rogers@appdynamics.com,
AppFolio,alisha.warren@appfolio.com,kimi.mashhoon@appfolio.com,john.monnich@appfolio.com,
Appian,julia.ledwith@appian.com,,,
Apple,jenny_voges@apple.com,renee_ramirez@apple.com,jschneickert@apple.com,
Applied Predictive Technologies,bscott@predictivetechnologies.com,mrybka@predictivetechnologies.com,,
Aqueti,dbrady@aqueti.com,sfeller@aqueti.com,,
Asana,andrewfiore@asana.com,crystalhsu@asana.com,jamesdavidheiser@asana.com,chanel@asana.com
Atlassian,kmalone@atlassian.com,cyoung@atlassian.com,mflood@atlassian.com,
Augmedix,austin@augmedix.com,stacy@augmedix.com,,
Autodesk,laura.aghazadeh@autodesk.com,jennifer.kopatz@autodesk.com,tim.brenneman@autodesk.com,
Avazyme,volker.bornemann@avazyme.com,,,
AXA Advisors,george@southwestwealthstrategies.com,,,
Axial Exchange,lwhitaker@axialexchange.com,jbonczkowski@axialexchange.com,,
Ayasdi,stephanie.yu@ayasdi.com,viridiana.lourdes@ayasdi.com,marissa.florant@ayasdi.com,
Baebies,jflorence@baebies.com,,,
Bandwidth,mprajapati@bandwidth.com,jboren@bandwidth.com,,
Bank of America,william.t.kawalek@bankofamerica.com,joseph.corriero@bankofamerica.com,kristin.jenkin@bankofamerica.com,blair.andres@bankofamerica.com
BASF Corporation,ellen.roehm@partners.basf.com,tong.li@basf.com,,
Bayer CropScience,riddhi.shah@bayer.com,christina.smith@bayer.com,,
BB&T,orv.curry@bbt.com,,,
BBVA Compass,megha.goel@bbvacompass.com,,,
Beacon Platform,jennifer.skrapits@beacon.io,,,
Beeswax,charlie@beeswax.com,,,
Belk,courtney_yearick@belk.com,marcus_ellis@belk.com,,
Benson Hill Biosystems,qwang@bensonhillbio.com,ndinicola@bensonhillbio.com,,
Biogen,jun.ren@biogen.com,jim.dorsey@biogen.com,,
bioMASON,thomas@biomason.com,inquiry@biomason.com,,
BitPesa,nena@bitpesa.co,,,
Blend,jasonn@blend.com,victorl@blend.com,camille@blend.com,
Bloomberg,acowie@bloomberg.com,cmalatack@bloomberg.com,campus-recruiting@bloomberg-careers.com,cmalatack@bloomberg.com
Bluebeam,laura.marks@bluebeam.com,wpereira@bluebeam.com,,
BNY Mellon,rifat.khan@bnymellon.com,greg.barton@bnymellon.com,jennifer.kern@bnymellon.com,sean.yun@bnymellon.com
Braintree,ajunk@braintreepayments.com,kyle.barbato@braintreepayments.com,celia.rostow@braintreepayments.com,
Bronto,george.moser@bronto.com,,,
BuildZoom,emily@buildzoom.com,kremigio@buildzoom.com,al@buildzoom.com,
BuzzFeed,nissa.booker@buzzfeed.com,,,
CA Technologies,maggie.oshea@ca.com,cui.lin@ca.com,smrati.gupta@ca.com,
Camras Vision,rolf@camrasvision.com,roberto.alfaro@camrasvision.com,,
Capital Markets Placement,michael@capitalmarketsp.com,,,
Captech,cvose@captechconsulting.com,ssullivan@captechconsulting.com,,
Carbon Robotics,jon@carbon.ai,ryan@carbon.ai,,
Charles Schwab,andrew.salesky@schwab.com,,,
Chegg,kdixon@chegg.com,cmonk@chegg.com,nkatkoriya@chegg.com,
Ciena Corporation,wwatson@ciena.com,kwalker@ciena.com,,
Circle,sboshi@circle.com,carlie@circle.com,matt@circle.com,
Cisco,scurranh@cisco.com,fmovahed@cisco.com,dlanois@cisco.com,
CIT Group,sridhar.venkateswaran@cit.com,,,
Citizens Bank,xinkai.huang@citizensbank.com,,,
Citrix,austin.sheffield@citrix.com,,,
ClassPass,nbasque@classpass.com,bkahane@classpass.com,bmitchell@classpass.com,
CloudFactory,anuuj.acharya@es.cloudfactory.com,john.schauf@cloudfactory.com,,
Cognizant,anne.dyer@cognizant.com,,,
Comerica,nfoley@comerica.com,,,
Compass,dani.abaya@compass.com,nolan@compass.com,sarah.ahmed@compass.com,
Compass Datacenters,rmiller@compassdatacenters.com,jday@compassdatacenters.com,,
Confluent,sabrina@confluent.io,mat@confluent.io,,
Connecture Inc.,gkarapetyan@connecture.com,jkwan@connecture.com,,
ConsenSys,james.girling@consensys.net,david.wu@consensys.net,,
Cree,sodonnell@cree.com,daniel_vent@cree.com,,
CSC Systems,vincent.dangelo@cscglobal.com,darrell.piatt@cscglobal.com,,
Cumulus Networks,ddutt@cumulusnetworks.com,shm@cumulusnetworks.com,tamra@cumulusnetworks.com,
Dataiku,abby.zwillinger@dataiku.com,julie.olivieri@dataiku.com,alex.reutter@dataiku.com,
Datos.io,robert@datos.io,brian.yin@datos.io,,
DeepMap,pedroguillen@deepmap.ai,chenchen@deepmap.ai,jamesgowers@deepmap.ai,
DeepMind,isharp@deepmind.com,,,
Deepscale,mike@deepscale.ai,,,
Delphix,paul.deppmeier@delphix.com,chris.cook@delphix.com,,
Delta Products,sue@deltaproducts.com,,,
Deutsche Bank,aleksandr.oysgelt@db.com,william.koenig@db.com,john.tracey@db.com,angela.gemma@db.com
Digital Reasoning,morgan.stewart@digitalreasoning.com,michelle.hytry@digitalreasoning.com,,
Dignify Therapeutics,kthor@dignifytherapeutics.com,mkatofiasc@dignifytherapeutics.com,,
Discover,pei-shanhsieh@discover.com,,,
DoorDash,jessye@doordash.com,kelseyj@doordash.com,patrick.rickards@doordash.com,
DraftKings,bmenduke@draftkings.com,frank.lo@draftkings.com,erichard@draftkings.com,jrogers@draftkings.com
Drive.ai,alix@drive.ai,jie@drive.ai,sameep@drive.ai,
Dropsource,catencio@dropsource.com,,,
DTS Language Services,cjones@dtstranslates.com,dshaw@dtstranslates.com,,
DuPont,l-boyd.reed@dupont.com,brittany.cox@dupont.com,,
Ebay,jswarick@ebay.com,estevens1@ebay.com,quanguyen@ebay.com,
ECS Federal,zohra.mohamadi@ecs-federal.com,june.ayers@ecs-federal.com,,
Ehang,craig.glover@ehang.com,zhenbo.liu@ehang.com,,
Eisai,jennifer_brooks@eisai.com,imelda_gennell@eisai.com,,
Entegrion,lsavage@entegrion.com,,,
EntreDot,bwarner@entredot.org,,,
Ericsson,michael.barnum@ericsson.com,pascal.potvin@ericsson.com,,
Esri,lwoods@esri.com,gmounzer@esri.com,lvest@esri.com,
EthosExcel,njefferies@ethosexcel.com,,,
eTix,aaron.bare@etix.com,marshall.pred@etix.com,,
Eton Bioscience,trey@etonbio.com,,,
Etsy,mbrownell@etsy.com,cmulroy@etsy.com,stanguay@etsy.com,
Evernote,boneil@evernote.com,sallen@evernote.com,cgomez@evernote.com,
Excelerate Digital,emary@exceleratedigital.com,vanessa@exceleratedigital.com,,
Family Health Network,doug@familyhealthnetwork.com,harry@familyhealthnetwork.com,,
Fathom AI,gabby@fathomai.com,,,
Feedzai,michael.teodosio@feedzai.com,ana.pina@feedzai.com,libby.sestak@feedzai.com,
Fidelity,shovon.sengupta@fmr.com,lauren.brooks2@fmr.com,,
Fifth Third Bank,jeffrey.allard@53.com,,,
First Data,paul.nields@firstdata.com,joel.daggett@firstdata.com,,
First Horizon National Corporation,rghinds@firsthorizon.com,,,
Fitbit,isherbin@fitbit.com,pmolettiere@fitbit.com,tchilds@fitbit.com,
Fivestars,david.hurford@fivestars.com,stephanie.marcellin@fivestars.com,josephine.lui@fivestars.com,
Flipboard,dcreemer@flipboard.com,mark@flipboard.com,abhadury@flipboard.com,
Foursquare,cliff@foursquare.com,andrew@foursquare.com,park@foursquare.com,
Fresh Direct,tksevdalakis@freshdirect.com,npennington@freshdirect.com,,
Gambit Technologies,sarah@gambitny.com,,,
GENBAND,harokopus@nextone.com,vbozzo@nextone.com,,
General Electric,shaeza.mcnear@ge.com,dipa.angreji@ge.com,,
Genetron Health,eason.ku@genetroncorp.com,,,
GENEWIZ,aaron.white@genewiz.com,gilead.kedem@genewiz.com,,
Gift Boogle,eric@giftboogle.com,,,
Gigster,adam@gigster.com,frances.haugen@gigster.com,,
GlaxoSmithKline,david.g.bishop@gsk.com,,,
GlobalSubmit Inc.,lisa.friedman@globalsubmit.com,,,
Goldfinch Bio,khelenius@goldfinchbio.com,ttibbitts@goldfinchbio.com,,
GoPro,vramirez@gopro.com,kwilliamson@gopro.com,lmiller@gopro.com,
GQR Capital Markets,kyle.wiltshire@gqrgm.com,andy.legg@gqrgm.com,,
Grammarly,yuliia.roshchina@grammarly.com,meghan.cushard@grammarly.com,angela.ritter@grammarly.com,
Greenhouse Software,amoon@greenhouse.io,lallanson@greenhouse.io,jacqui.maguire@greenhouse.io,
Grifols,marilyn.camara@grifols.com,caroline.robbins@grifols.com,,
Groupon,pcourbois@groupon.com,xyu@groupon.com,joshua@groupon.com,
Guidebook,mallory@guidebook.com,jacob@guidebook.com,,
GumGum,kryztof@gumgum.com,mhale@gumgum.com,colette@gumgum.com,
Gusto,alyssa.thelen@gusto.com,amy.wu@gusto.com,josh.reeves@gusto.com,
Highmark,gopala.narayanan@highmarkhealth.org,jeremy.amburgy@highmarkhealth.org,,
Honest,rmoan@groupon.com,sduffy@groupon.com,ljozefat@groupon.com,
HP,kerry.dugan@hp.com,nikki.mouton1@hp.com,,
Hudson River Trading,julia@hudson-trading.com,dani@hudson-trading.com,kim@hudson-trading.com,marco@hudson-trading.com
Hulu,katie.torrison@hulu.com,andy.cabrera@hulu.com,marisa.bradwell@hulu.com,
HyperScience,boris@hyperscience.com,,,
Information Builders,masengu_kalala@informationbuilders.com,cheryl_simonsen@informationbuilders.com,,
Insider Inc.,mnaranjo@insider-inc.com,mbowani@insider-inc.com,,
Insight Global,ashley.vega@insightglobal.com,,,
Instacart,kyle.wendel@instacart.com,salima.dhamani@instacart.com,deepak@instacart.com,
Intel,aishwarya.kumar@intel.com,dennis.eckert@intel.com,ann-marie.brooks@intel.com,
Interviewing.io,nico@interviewing.io,,,
Intuit,ailina_heim@intuit.com,mac_carpenter@intuit.com,eric_pfeiffer@intuit.com,
Invesco,michelle.tillis@invesco.com,nigel.noyes@invesco.com,bryan.perryman@invesco.com,terri.brady@invesco.com
InVision,lindsayrodriguez@invisionapp.com,caitlinstangland@invisionapp.com,claycook@invisionapp.com,
ION Group,stefanie.sullivan@iongroup.com,,,
Ipsy,sarah@ipsy.com,angelica@ipsy.com,,
Jabil Circuit,alora_caminiti@jabil.com,angela_homoky@jabil.com,tricia_terry@jabil.com,
Johnson & Johnson,coshea8@its.jnj.com,sbeaton@its.jnj.com,cchehoud@its.jnj.com,
JP Morgan,kevin.hale@jpmorgan.com,vaibhav.x.agarwal@jpmorgan.com,,
Jump Trading,jfriedland@jumptrading.com,,,
Juniper,mspykerman@juniper.net,jgervickas@juniper.net,nminwalla@juniper.net,
Juno,igor@gojuno.com,hadasb@gojuno.com,,
Kensho,patrick.rudewicz@kensho.com,justin@kensho.com,,
Keona Health,oakkar@keonahealth.com,,,
Khan Academy,eli@khanacademy.org,kairui@khanacademy.org,,
Knotel,hnigrosh@knotel.com,taina@knotel.com,maren@knotel.com,
LearnPlatform,kevin.uy@learnplatform.com,joyce.cahoon@learnplatform.com,,
LendingClub,kfilippi@lendingclub.com,zhack@lendingclub.com,slasley@lendingclub.com,
LendUp,jason.capehart@lendup.com,max.butler@lendup.com,ofer.mendelevitch@lendup.com,
Lenovo,mgriffith@lenovo.com,mblizzard@lenovo.com,,
Lever,amanda@lever.co,esther.chance@lever.co,,
LinkedIn,dboyd@linkedin.com,xnguyen@linkedin.com,kparton@linkedin.com,tscott@linkedin.com
LiveRamp,tyee@liveramp.com,nstanley@liveramp.com,hburns@liveramp.com,
Lob,raph@lob.com,anthony@lob.com,leore@lob.com,
Logitech,lduthie@logitech.com,mnoordeen@logitech.com,msaguin@logitech.com,
Lucid Dream VR,christophe@luciddreamvr.com,nadia@luciddreamvr.com,,
Lulu,sberman@lulu.com,iwhite@lulu.com,,
Luminoso,amarcus@luminoso.com,,,
Lyft,nchamandy@lyft.com,tsiauw@lyft.com,kbottini@lyft.com,
Lytx,jserrano@lytx.com,lee.sharp@lytx.com,catherine.taylor@lytx.com,
Mastercard,vincent_morelli@mastercard.com,melinda_rolfs@mastercard.com,kimberly.vanourney@mastercard.com,
MathWorks,ats-msg@mathworks.com,katie.kotch@mathworks.com,michala.romano@mathworks.com,
Medallia,xwang@medallia.com,ballen@medallia.com,jstewart@medallia.com,
MediaMath,alogiudice@mediamath.com,ariccio@mediamath.com,sbarnett@mediamath.com,
Mediaocean,nsikkema@mediaocean.com,ainman@mediaocean.com,,
Medium,jcrosby@medium.com,gustav@medium.com,johnel@medium.com,
Mesosphere,tobi@mesosphere.com,jessica@mesosphere.com,ryuen@mesosphere.com,
Metlife,jorr@metlife.com,salexander@metlife.com,,
MGRS Group,mshusterman@mgrsgroup.com,,,
Microsoft,kehuff@microsoft.com,skaiser@microsoft.com,apapp@microsoft.com,
Millburn,gsmith@millburncorp.com,,,
Millennium Management,info@mlp.com,,,
Mixmax,heather@mixmax.com,jeff@mixmax.com,jen@mixmax.com,
MongoDB,juho.parkkinen@mongodb.com,jason.gorsky@mongodb.com,jason.chen@mongodb.com,
Morgan Stanley,jennifer.vollmer@morganstanley.com,robert.treder@morganstanley.com,,
Movable Ink,claniado@movableink.com,mhopkins@movableink.com,ecourtright@movableink.com,
Mozilla,josephine@mozilla.org,aduckham@mozilla.com,ngibson@mozilla.com,
MuleSoft,gaston.latorre@mulesoft.com,yamila.lanzillotti@mulesoft.com,aditya.vailaya@mulesoft.com,
Narvar,brad.pflum@narvar.com,khrystyne@narvar.com,,
NEC,anand@bq.jp.nec.com,ashwin.kollaje@india.nec.com,,
NetApp,garth.zoller@netapp.com,leigh.smith@netapp.com,,
Newsela,matt.yardeni@newsela.com,lauren.fox@newsela.com,q.hawkins@newsela.com,
Nextdoor,hcutler@nextdoor.com,sstuhlsatz@nextdoor.com,martin@nextdoor.com,
Northern Trust,sridevi_raghavarapu@ntrs.com,,,
Noteninja,austin@noteninja.com,danny@noteninja.com,,
Novozymes,cbxt@novozymes.com,,,
Nvidia,jverley@nvidia.com,ajetson@nvidia.com,jverley@nvidia.com,
Oath,justinho@oath.com,julieromero@oath.com,debkowski@oath.com,
Oculus,kate.blankenship@oculus.com,ryan.peterson@oculus.com,russell.edwardson@oculus.com,
Okta,slin@okta.com,kathy.mason@okta.com,tamramclaughlin@okta.com,
Old Mission Capital,eleanor.thomas@oldmissioncapital.com,kyle.gubbins@oldmissioncapital.com,,
OnDeck,lmorrison@ondeck.com,ksolarz@ondeck.com,,
Open Systems Technologies,tbui@opensystemstech.com,,,
Opentable,smengistu@opentable.com,bburtch@opentable.com,,
Optimizely,vignesh.sukumar@optimizely.com,evgenia.valieva@optimizely.com,molly.dallmar@optimizely.com,
Options Group,anukalra@optionsgroup.com,,,
Optiver,melissamachuta@optiver.us,briannablackshire@optiver.us,elisabetcastillo@optiver.us,gilbertyang@optiver.com
Palantir,tsiu@palantir.com,ewatts@palantir.com,,
Pandora,dgies@pandora.com,vostuni@pandora.com,sgreathouse@pandora.com,
PatientPay,lg@patientpay.com,vn@patientpay.com,,
Pavlov,mmiller@pavlovmedia.com,,,
PayPal,vkhamker@paypal.com,yang.chen@paypal.com,adao@paypal.com,sdazzo@paypal.com
Peloton,kevin.minchella@onepeloton.com,kimberlee.mcauliffe@onepeloton.com,will@onepeloton.com,
Percolate,yanilda.gonzalez@percolate.com,kimberly@percolate.com,noah@percolate.com,
Pivotal,dmudd@pivotal.io,selmaleh@pivotal.io,gdiaz@pivotal.io,
Playstation,sarah.farmer@playstation.com,phillip.oliver@playstation.com,alex.gombos@playstation.com,
PNC Financial Services,denise.letcher@pnc.com,,,
Postmates,jennifer.mitchell@postmates.com,robbie@postmates.com,,
Presidio,kroletter@presidio.com,senglish@presidio.com,tmarkle@presidio.com,
Priceline,zainab.tohfafarosh@priceline.com,michelle.wright@priceline.com,rick.cohen@priceline.com,
Primer AI,emmanuel@primer.ai,anna@primer.ai,austin@primer.ai,
ProcessMaker,bruce@processmaker.com,giovani@processmaker.com,,
Pure Storage,amurray@purestorage.com,vinay@purestorage.com,,
Qburst,george@qburst.com,,,
Qualcomm,vivian@qualcomm.com,mbentz@qualcomm.com,lindseyl@qualcomm.com,phesami@qualcomm.com
Qualtrics,bhanson@qualtrics.com,,,
Quantcast,hchau@quantcast.com,bcharvat@quantcast.com,nwilson@quantcast.com,
Quantlab,jallen@quantlab.com,,,
Quartet Health,tjyothi@quartethealth.com,ehellermann@quartethealth.com,mlang@quartethealth.com,
Quizlet,michelle@quizlet.com,kumi@quizlet.com,tim@quizlet.com,
Quora,sjang@quora.com,tnanz@quora.com,epushin@quora.com,randerson@quora.com
Rakuten,sara.fox@rakuten.com,eri.kojima@rakuten.com,kristen.jong@rakuten.com,
Redbooth,daniel@redbooth.com,jeff.miller@redbooth.com,,
Reddit,joe@reddit.com,mdoherty@reddit.com,lindsay.ritchie@reddit.com,
Redfin,stephanie.ha@redfin.com,meghan.koep@redfin.com,kyle.burke@redfin.com,
Regions Bank,dhiraj.sharma@regions.com,,,
Republic Wireless,meaganp@republicwireless.com,sperkins@republicwireless.com,,
ReverbNation,mrobinson@reverbnation.com,bblackwood@reverbnation.com,,
Reviewgo,thomas@review-go.com,,,
Riot Games,jmazer@riotgames.com,xyang@riotgames.com,kyle.senen@riotgames.com,
Ripple,jkabalin@ripple.com,kpauly@ripple.com,vidya@ripple.com,
Roku,lmccue@roku.com,abutyrev@roku.com,fabdelmessih@roku.com,
RTI International,jnance@rti.org,mbahamonde@rti.org,,
Rubrix,niki.patel@rubrik.com,boris.fowler@rubrik.com,scot.winby@rubrik.com,
SageWorks,chelsea.creech@sageworks.com,chad.wright@sageworks.com,,
Salesforce,kschwartz@salesforce.com,jgrulke@salesforce.com,jenna.butterfield@salesforce.com,
SendGrid,victor.amin@sendgrid.com,aaron.beach@sendgrid.com,socrate.loth@sendgrid.com,
Sensus,vincent.toups@sensus.com,sarin.chandy@sensus.com,,
SentryOne,kwhiteman@sentryone.com,rtaylor@sentryone.com,,
ServiceTrade,david.howard@servicetrade.com,aaron.shoemaker@servicetrade.com,,
ShipHawk,aaron@shiphawk.com,jeremy@shiphawk.com,,
Shogun,finbarr@getshogun.com,blair@getshogun.com,,
Shopify,putra.manggala@shopify.com,phillip.rossi@shopify.com,vee.mcclure@shopify.com,
Sift Science,skrens@siftscience.com,slangford@siftscience.com,maya@siftscience.com,
Silicon Labs,cal.peschel@silabs.com,jenna.boucher@silabs.com,leah.wolles@silabs.com,
SimpleEnergy,lily@simpleenergy.com,,,
SimpleHabit,emelia@simplehabit.com,,,
Sisense,racheli.kamerling@sisense.com,lokesh.mehta@sisense.com,,
Slack,cheolsoo@slack-corp.com,apackkildurai@slack-corp.com,jsinger@slack-corp.com,
Snowflake Computing,steve.shirley@snowflake.net,cassandra.busay@snowflake.net,lianna.johnstone@snowflake.net,
SoundHound,tia@soundhound.com,melissa@soundhound.com,estelle@soundhound.com,
SpaceX,tavish.ledesma@spacex.com,kellie.bishop@spacex.com,justina.couey@spacex.com,
Squarespace,squiros@squarespace.com,sukim@squarespace.com,dtran@squarespace.com,
Starsky Robotics,contact@starskyrobotics.com,partners@starskyrobotics.com,,
Stash,amelia@stashinvest.com,kkinne@stashinvest.com,bcheung@stashinvest.com,
State Farm,gary@statefarm.com,,,
Stealz,haley@getstealz.com,leonel@getstealz.com,,
Stella.ai,gottlieb@stella.ai,dick@stella.ai,amrit@stella.ai,
Stellar,alex@stellar.org,,,
Strava,cbernstein@strava.com,kim@strava.com,mshaw@strava.com,
StubHub,kmceleney@stubhub.com,ksraghavan@stubhub.com,rmcdowell@stubhub.com,
SurveyMonkey,akankshab@surveymonkey.com,whitneyg@surveymonkey.com,andrewm@surveymonkey.com,
Swell Energy,cabreu@swellenergy.com,,,
Tableau,jrepass@tableau.com,cwalter@tableau.com,llee@tableau.com,
Tapjoy,colin.jonielunas@tapjoy.com,jungsuk.kwac@tapjoy.com,taylor.cole@tapjoy.com,
TaskRabbit,esther@taskrabbit.com,paul@taskrabbit.com,moin@taskrabbit.com,
Teachable,jess.steffl@teachable.com,jacob@teachable.com,,
Tencent,claireyan@tencent.com,jalas@tencent.com,,
Tesla,ebathija@tesla.com,cgaringer@tesla.com,nmolla@tesla.com,cfreundlich@tesla.com
Testive,scott@testive.com,lorena.tapia@testive.com,,
Texas Instruments,carrie@ti.com,,,
Thanx,amber.allred@thanx.com,zach@thanx.com,,
The Muse,antoine@themuse.com,lauren@themuse.com,,
ThoughtSpot,samridh.choubey@thoughtspot.com,andrew.ziverts@thoughtspot.com,,
Thumbtack,ielson@thumbtack.com,jwinter@thumbtack.com,jessica@thumbtack.com,
Tinder,yukikazu.hidaka@tinder.com,tor@tinder.com,devin@tinder.com,
Tint,rohith@tintup.com,tim@tintup.com,,
Tonic Health,anya@tonicforhealth.com,alexandra@tonicforhealth.com,,
TotSquad,jdugdale@thetotsquad.com,breel@thetotsquad.com,,
Tower Research,selias@tower-research.com,kdemers@tower-research.com,jgrundman@tower-research.com,
Transcriptic,alex@transcriptic.com,,,
Transfix,jamesgallagher@transfix.io,michellechun@transfix.io,,
TransMarket Group,josh.henderson@transmarketgroup.com,dennis.wang@transmarketgroup.com,philip.vandermause@transmarketgroup.com,
TruBrain,steve@trubrain.com,sarah@trubrain.com,,
Twilio,mbotlaguduru@twilio.com,tfregoso@twilio.com,stripane@twilio.com,
Twitch,anderson@twitch.tv,ian@twitch.tv,markally@twitch.tv,
Twitter,valeriewolf@twitter.com,ldevlin@twitter.com,aprilmartin@twitter.com,
U.S. Bank,mary.dick1@usbank.com,,,
Uber,kdamica@uber.com,matt.garcia@uber.com,karlin@uber.com,
UBS,kent.dolby@ubs.com,valerie.kroll@ubs.com,,
UiPath,hanna.bayer@uipath.com,jerome.montgomery@uipath.com,eric.yaeger@uipath.com,
Undertone,louise.peddell@undertone.com,kristinekinne@undertone.com,aschworn@undertone.com,
Union Bank,indira.griffith@unionbank.com,,,
Unity Technologies,marilyn@unity3d.com,jenna@unity3d.com,,
Unravel Data,eric@unraveldata.com,jaroslav@unraveldata.com,,
Upwork,spencerhamm@upwork.com,luislozano@cloud.upwork.com,czarinatabayoyong@cloud.upwork.com,
uSens,lzhao@usens.com,phe@usens.com,,
Validic,robert.green@validic.com,selma.pittman@validic.com,,
Vatic Labs,harr@vaticlabs.ai,,,
Vestwell,deanna@vestwell.com,,,
Virtu Financial,lpalm@virtu.com,rwhite@virtu.com,asmith@virtu.com,
Vivint,brian.detwiler@vivint.com,ryan.vanorden@vivint.com,,
Walmart Labs,nsudan@walmartlabs.com,stephen.hamilton@walmartlabs.com,rajiv.gangaiah@walmartlabs.com,
Weebly,eli.perez-gurri@weebly.com,daniel.langston@weebly.com,gagan@weebly.com,
WhatsApp,anjuli@whatsapp.com,jkirk@whatsapp.com,ajalan@whatsapp.com,
Winton Group,media@winton.com,,,
Wolfspeed,christian.schmidt@wolfspeed.com,josh.northington@wolfspeed.com,,
Wolverine Trading,cburke@wolve.com,,,
Workday,teng.qu@workday.com,shonaigh.crowe@workday.com,sara.reindl@workday.com,
Xero,abrahm.coffman@xero.com,justin.pendergrass@xero.com,brigitte.bushnell@xero.com,
Xerox,karen.halkovic@xerox.com,,,
Yahoo,nikoo@yahoo-inc.com,justinho@yahoo-inc.com,vikramj@yahoo-inc.com,
Yelp,kcm@yelp.com,coles@yelp.com,mariana@yelp.com,
Zen-Bio,peter@zen-bio.com,,,
Zendesk,jkayhour@zendesk.com,rodonoghue@zendesk.com,jthomas@zendesk.com,
Zions Bank,douglas.tuttle@zionsbank.com,,,
Zocdoc,mike.bonora@zocdoc.com,kenisha.mcfadden@zocdoc.com,ariana.rodriguez@zocdoc.com,
Zoho,harish.n@zohocorp.com,raj.sabhlok@zohocorp.com,,
Zynga,sweill@zynga.com,merichter@zynga.com,wangjia@zynga.com,